ADM2_CODE;ADM2_NAME;ADM1_CODE;ADM1_NAME;ADM0_CODE;ADM0_NAME;number_of_named_languages;main_language;main_language_share;Aguna;Aja;Akan;Anii;Arabic;Ayizo Gbe;Baatonum;Bambara;Biali;Boko;Boo;Borgu Fulfulde;Bozo;Contimba;Defi Gbe;Dendi;Ditammari;Dyula;Ede Cabe;Ede Idaca;Ede Ije;English;Ewe;Fon;French;Gagamba;Gando;Gen;Gorgal Fulfulde;Gourmanchéma;Gun;Hausa;Ifè;Igbo;Kabiye;Kotafon Gbe;Kotokoli;Lekpa;Lingala;Maxi Gbe;Mbelime;Mioybe;Mobaa;Mokole;Mossi;Nateni;Northern Nago;Partago;Saxwe Gbe;Senufo;Seto Gbe;Songhay;Soninke;Southern Nago;Taneka;Tem;Tofin Gbe;Toli Gbe;Waama;Waci Gbe;Weme Gbe;Western Xwla Gbe;Wolof;Xwela Gbe;Yoabu;Yom;Yoruba;Zarma;Other;pop_total;pop_male;pop_female;literacy_all;literacy_male;literacy_female;language_data_yn;data_confidence
BJ0101;Banikorara;BJ01;Alibori;BJ;Benin;18;Baatonum;0,695264948;0;0,000760831;0;0;0;0;0,695264948;0;0,00085034;0;0;0,231471536;0;0;0,000537057;0,013247404;0;0;0;0,001297888;0;0;0,004654493;0,006892231;0;0;0,002327247;0;0;0,008861439;0;0,002372002;0;0;0,004923022;0;0,000626566;0;0;0;0;0;0;0;0;0;0;0;0;0,000537057;0;0;0;0,002148228;0;0;0;0;0;0;0;0;0;0;0;0;0,003625134;0,015619405;0,0039831693;249960;124970;124990;0,241106512;0,280375805;0,202413147;Yes;High
BJ0102;Gogounou;BJ01;Alibori;BJ;Benin;21;Baatonum;0,500235516;0;0,001036269;0;0;0;0;0,500235516;0;0;0,006688648;0,002260951;0,423268959;0;0;0;0,00612341;0;0;0;0,001130476;0;0;0;0,003956665;0,000565238;0;0,00433349;0,000659444;0;0,002731983;0;0,004050871;0;0,00075365;0,001130476;0;0,001318888;0;0;0,001224682;0;0;0;0;0;0;0;0;0;0;0;0;0;0,007253886;0;0;0;0;0,005558172;0;0;0;0;0;0;0;0,000847857;0,021761658;0,0031088113;119010;58520;60490;0,226632379;0,2398087;0,213924885;Yes;High
BJ0103;Kandi;BJ01;Alibori;BJ;Benin;23;Borgu Fulfulde;0,33965344;0;0,000627825;0;0;0;0;0,254834254;0;0,00075339;0,000878955;0,013121547;0,33965344;0;0;0;0,144337017;0;0;0,00050226;0,001318433;0;0;0;0,011175289;0,004959819;0;0,006843295;0,000627825;0;0,001883476;0,002322953;0,01268207;0;0;0,003955299;0;0;0;0;0,00050226;0;0;0;0,166373682;0;0;0;0;0;0;0;0;0;0,003641386;0;0;0;0;0,001569563;0;0;0;0;0;0;0;0,004583124;0,018897539;0,003955302;178030;88320;89710;0,28072636;0,318147647;0,244634571;Yes;High
BJ0104;Karimama;BJ01;Alibori;BJ;Benin;14;Dendi;0,617271157;0;0;0;0;0;0;0,000863558;0;0,000863558;0;0;0,174956823;0;0;0;0,617271157;0;0;0;0,000518135;0;0;0;0,002936097;0;0;0,001381693;0;0;0,078756477;0;0,05716753;0;0,000690846;0,002417962;0;0;0;0;0;0;0;0;0;0;0;0;0;0;0;0;0;0;0,001208981;0;0;0;0;0;0;0;0;0;0;0;0;0,001208981;0,057685665;0,002072543;65150;32640;32510;0,17991035;0,245835026;0,1136085;Yes;High
BJ0105;Malanville;BJ01;Alibori;BJ;Benin;29;Dendi;0,573096684;0;0,000733969;0;0,001134316;0;0;0,006605725;0,00060052;0;0;0;0,121638753;0;0;0;0,573096684;0;0;0,000733969;0,001401214;0;0;0;0,01381197;0,002001735;0;0;0,000667245;0,000733969;0;0,000867418;0,084139587;0;0;0,006739174;0;0,000667245;0,000800694;0;0,000800694;0;0,002268633;0;0,019950624;0;0;0;0;0,000667245;0,001467939;0;0,001401214;0;0,003603123;0;0,004337092;0;0;0;0;0;0;0;0,001534663;0;0,00193501;0,01454594;0,128911724;0,002201907;169750;85100;84650;0,241013009;0,285933661;0,195863559;Yes;High
BJ0106;Segbana;BJ01;Alibori;BJ;Benin;21;Boo;0,555285696;0;0,00140611;0;0;0;0;0,002684392;0;0;0;0,555285696;0,278026333;0;0;0;0,004090502;0,000639141;0;0,000511313;0,00281222;0;0;0;0,004346159;0,001917423;0,012527163;0,00140611;0;0;0;0;0,065959351;0;0;0,012399335;0;0,013933274;0,000639141;0;0,001022626;0;0;0;0;0;0;0;0;0;0;0;0;0;0,002300908;0;0;0;0;0;0,000511313;0;0;0;0;0;0;0,002556564;0,032979676;0,002045251;90600;45520;45080;0,225840024;0,270062185;0,181248134;Yes;High
BJ0201;Boukoumbe;BJ02;Atacora;BJ;Benin;15;Ditammari;0,848560866;0;0;0;0;0;0;0;0;0,078426195;0;0;0,005809348;0;0;0;0,003696858;0,848560866;0;0;0;0;0;0;0,003168735;0,001452337;0,009638236;0;0;0,001452337;0;0;0;0;0;0,040797465;0;0;0;0;0;0,000528123;0;0;0;0;0,000792184;0;0;0;0;0;0;0;0,000924214;0;0,000924214;0;0;0;0;0;0;0;0;0;0;0,000528123;0,000528123;0,002772646;84140;40930;43210;0,319634703;0,393350063;0,250147842;Yes;High
BJ0202;Kerou;BJ02;Atacora;BJ;Benin;20;Baatonum;0,494052251;0;0,000667037;0;0;0;0;0,494052251;0;0;0;0;0,244691495;0;0;0,000889383;0,007670928;0,002001112;0;0;0;0;0;0,00155642;0,002445803;0;0;0,003001668;0;0;0,193329628;0;0,00155642;0;0,000889383;0,001778766;0;0;0;0;0,000667037;0;0;0;0;0;0,00155642;0;0;0;0;0;0;0;0,001334074;0;0,00077821;0;0;0;0;0;0;0;0;0;0,001889939;0,003557532;0,033240689;0,002445805;101510;50030;51480;0,214675722;0,2375;0,192739619;Yes;High
BJ0203;Cobly;BJ02;Atacora;BJ;Benin;15;Biali;0,527747552;0;0;0;0;0;0;0,000932691;0;0,527747552;0;0;0,056583243;0;0,001554485;0;0,003264418;0,14005907;0;0;0;0;0;0,000621794;0,003108969;0,000932691;0,153116742;0;0;0;0,078035131;0;0,000932691;0;0;0;0;0;0;0;0;0;0;0;0;0;0,028913415;0;0;0;0;0;0;0;0;0;0;0;0;0;0;0;0;0;0;0;0;0,000621794;0,000621794;0,002953517;72380;35260;37120;0,37690752;0,487523992;0,275229358;Yes;High
BJ0204;Kouande;BJ02;Atacora;BJ;Benin;22;Baatonum;0,433688871;0;0;0;0;0;0;0,433688871;0;0,000503119;0;0;0,239987925;0;0;0;0,012175488;0,066210505;0;0;0,002616221;0;0;0;0,001911853;0,002414973;0;0,000503119;0;0;0,003320588;0,001207486;0,000603743;0;0;0,02757094;0;0;0,005131817;0;0,000603743;0;0,008653653;0;0;0;0,072348561;0;0;0;0;0;0;0;0,000603743;0;0;0;0;0,076574764;0;0;0;0;0;0;0,036627088;0,001408734;0,003219963;0,002113103;110540;54830;55710;0,327606496;0,391789274;0,264472456;Yes;High
BJ0205;Materi;BJ02;Atacora;BJ;Benin;16;Biali;0,855058553;0;0,001151853;0;0;0;0;0;0;0,855058553;0;0;0,051833365;0;0,01679785;0;0;0,003167595;0;0;0;0;0;0,000671914;0,002303705;0,000575926;0,00335957;0;0;0;0,052025341;0;0,00460741;0;0;0;0;0;0;0;0;0;0;0;0;0,001055865;0,001439816;0;0;0;0,000575926;0;0;0;0;0;0;0;0;0,001631791;0;0;0;0;0;0;0;0;0,000575926;0,0031675929;116070;56480;59590;0,429146628;0,55241653;0,315800773;Yes;High
BJ0206;Natitingou;BJ02;Atacora;BJ;Benin;37;Ditammari;0,371579503;0;0,008029583;0;0,002746962;0;0;0,030533545;0;0,012044374;0;0,000845219;0,033069202;0;0;0,000739567;0,061172742;0,371579503;0;0;0,006339144;0;0;0,001162176;0,046804015;0,020179609;0,000739567;0;0,00264131;0,006867406;0,006444797;0,006550449;0,002007396;0,001690438;0,000528262;0,00834654;0;0,000633914;0,011727417;0;0,006444797;0,004331749;0,011621764;0;0;0,000845219;0,013734812;0;0;0,001056524;0;0;0;0;0,012572636;0;0,004648706;0;0,000633914;0,272160592;0;0;0;0;0;0;0,009720021;0,005493925;0,01098785;0,002324353;104110;50450;53660;0,53434115;0,607692308;0,466712423;Yes;High
BJ0207;Penhunco;BJ02;Atacora;BJ;Benin;23;Baatonum;0,625364634;0;0,001111265;0;0;0;0;0,625364634;0;0,001805806;0;0;0,291429365;0;0;0;0,008056675;0,005000695;0;0;0;0;0;0,00305598;0,004028337;0,000555633;0;0,008890124;0;0,000555633;0,007501042;0;0,000972357;0;0;0,003889429;0;0;0,002917072;0;0,000972357;0;0;0,00152799;0;0;0,001666898;0;0;0;0;0;0;0;0,001944715;0;0;0;0;0,00305598;0;0;0;0;0;0;0,003472705;0,008473399;0,011529378;0,00222253;81630;41280;40350;0,342066481;0,398686371;0,285760941;Yes;High
BJ0208;Taqnguiete;BJ02;Atacora;BJ;Benin;27;Waama;0,27808418;0;0,001306241;0;0;0;0;0,006240929;0;0,146153846;0;0;0,049201742;0;0,055732946;0;0,039477504;0,036574746;0;0;0;0;0,000580552;0,002177068;0,007692308;0,005950653;0,008998549;0;0,000580552;0,000580552;0,055297533;0,001596517;0,010740203;0;0;0;0;0;0,000870827;0;0,001741655;0,020174165;0,000725689;0;0;0,000725689;0,246298984;0;0;0;0;0;0;0;0,002467344;0;0;0;0;0,27808418;0;0;0;0;0;0;0;0,005515239;0,011175617;0,003338174;76480;37000;39480;0,389695946;0,478353442;0,309155384;Yes;High
BJ0209;Toucountouna;BJ02;Atacora;BJ;Benin;15;Waama;0,66741447;0;0,001402131;0;0;0;0;0;0;0,005608525;0;0;0,068424004;0;0;0;0;0,079921481;0;0;0;0;0;0,000560852;0,003925967;0,002523836;0,000841279;0;0,000560852;0;0;0;0;0;0;0,002804263;0;0;0;0;0;0,001402131;0;0;0;0;0,159282109;0;0;0;0;0;0;0;0,002523836;0;0;0;0;0,66741447;0;0;0;0;0;0;0;0;0,000560852;0,002243408;39490;19260;20230;0,353558544;0,427111717;0,285262492;Yes;High
BJ0301;Abomey-Calavi;BJ03;Atlantique;BJ;Benin;35;Fon;0,565235473;0;0,050721142;0;0,001397368;0;0,143662768;0,005572838;0;0,001347462;0;0;0,000598872;0;0;0;0,008899905;0,001147838;0;0,001547086;0,01380733;0;0,000715319;0,000582237;0,565235473;0,023572272;0;0;0,043185334;0,001131203;0;0,026067573;0,001613628;0;0;0,000765225;0,008766822;0;0,00171344;0;0,020178664;0;0;0;0;0;0;0;0;0,012775939;0;0;0;0;0,021409678;0;0,001813252;0,003060902;0,001164474;0,000948214;0,003060902;0,001197744;0,006005357;0;0,008467386;0;0,000648778;0,010413721;0,001280921;0,00552293;667380;329740;337640;0,778335061;0,870668527;0,68932427;Yes;High
BJ0302;Allada;BJ03;Atlantique;BJ;Benin;16;Ayizo Gbe;0,598384856;0;0,009291421;0;0;0;0,598384856;0,001128864;0;0;0;0;0;0;0;0;0,00060785;0;0;0;0,001389371;0;0,000521014;0;0,344303578;0,003820771;0;0;0,004168114;0;0;0,005123307;0;0;0;0;0,0012157;0;0;0;0,005991664;0;0;0;0;0;0;0;0;0,016151441;0;0;0;0;0,001736714;0;0;0;0;0;0;0;0,001128864;0;0;0;0;0,002084057;0;0,0029524122;127330;62050;65280;0,555937531;0,676362147;0,444989621;Yes;High
BJ0303;Kpomasse;BJ03;Atlantique;BJ;Benin;17;Fon;0,294393987;0;0,024898215;0;0;0;0,120106483;0;0;0;0;0;0,001722518;0;0;0;0,001722518;0;0;0;0,000782963;0;0;0;0,294393987;0;0;0;0,014876292;0;0;0,004227999;0,002192295;0;0;0;0,043532728;0;0;0;0,001565925;0;0;0;0;0;0;0;0;0,238333855;0;0;0;0;0,006420294;0;0;0;0;0;0,002035703;0;0,004541184;0;0,235515189;0;0;0,001096148;0;0,002035708;70050;34370;35680;0,567024837;0,696969697;0,44302926;Yes;High
BJ0304;Ouidah;BJ03;Atlantique;BJ;Benin;26;Fon;0,71235469;0;0,05224385;0,001148959;0;0;0,009597188;0,000878616;0;0;0;0;0,003514464;0;0;0;0,004460665;0;0;0;0,001959989;0;0,002027575;0,001148959;0,71235469;0,006961341;0;0;0,060759665;0,000675858;0;0,013246823;0,003108948;0;0;0;0,006015139;0,000608273;0;0;0,003649635;0;0;0;0;0;0;0;0;0,018315761;0;0;0;0;0,005339281;0;0;0;0,008853744;0;0,006285483;0;0,025479859;0;0,036428765;0;0;0,007975128;0,002162747;0,0047985948;165170;81030;84140;0,720370087;0,829380139;0,618300267;Yes;High
BJ0305;So-Ava;BJ03;Atlantique;BJ;Benin;5;Tofin Gbe;0,847161572;0;0;0;0;0;0,14505411;0;0;0;0;0;0,000569584;0;0;0;0;0;0;0;0;0;0;0;0,003417505;0;0;0;0;0;0;0,001803683;0;0;0;0;0;0;0;0;0;0;0;0;0;0;0;0;0;0;0;0;0;0;0;0;0;0,847161572;0;0;0;0;0;0;0;0;0;0;0;0,0019935439;117560;60000;57560;0,361685654;0,449376777;0,271933751;Yes;High
BJ0306;Toffo;BJ03;Atlantique;BJ;Benin;14;Fon;0,582585181;0;0,051595457;0;0;0;0,317901568;0,000648999;0;0;0;0;0;0;0;0;0,000973499;0;0;0;0,001081666;0,025419145;0;0;0,582585181;0;0;0;0,002487831;0;0;0,002704164;0;0,000865333;0;0;0;0;0;0;0,003136831;0;0;0;0;0;0;0;0;0,001406165;0;0;0;0;0,001081666;0;0;0;0;0;0;0;0;0;0;0;0;0,005516495;0;0,002596001;102010;49180;52830;0,494745846;0,630267215;0,371854613;Yes;High
BJ0307;Tori-Bossito;BJ03;Atlantique;BJ;Benin;19;Toli Gbe;0,359962049;0;0,034535104;0;0;0;0,283301708;0,001897533;0;0;0;0;0;0;0;0;0;0;0;0;0,000759013;0,00056926;0;0;0,199620493;0,00056926;0;0;0,005313093;0;0;0,003605313;0,00113852;0,000759013;0;0;0,002087287;0;0;0;0,001518027;0;0;0;0;0;0;0;0;0,087476281;0;0;0;0;0,002087287;0;0;0,010626186;0,359962049;0;0;0;0;0;0,000948767;0;0;0,001328273;0;0,00189753;58250;28800;29450;0,51455055;0,60316762;0,429416737;Yes;High
BJ0308;Ze;BJ03;Atlantique;BJ;Benin;17;Ayizo Gbe;0,815746753;0;0,004971591;0;0;0;0,815746753;0,00101461;0;0;0;0;0,000811688;0;0;0,001217532;0,000811688;0;0;0;0,00101461;0,000811688;0;0;0,118405032;0;0;0;0,002536526;0;0;0,005478896;0;0;0;0;0;0;0;0;0,000608766;0;0;0;0;0;0;0;0;0;0;0;0;0;0,002029221;0;0;0;0,000608766;0;0;0,039874188;0;0;0;0;0;0,000608766;0,000507305;0,002942369;109670;54090;55580;0,466310409;0,584318456;0,356710733;Yes;High
BJ0401;Bembereke;BJ04;Borgou;BJ;Benin;32;Baatonum;0,504105916;0;0,003435562;0;0;0;0,000586559;0,504105916;0;0,004273504;0;0;0,361069214;0;0;0;0,013574661;0,016004692;0;0;0,005111446;0;0;0,000670354;0,017512988;0,002513826;0,000586559;0,005362829;0;0,000670354;0,003267974;0,003519356;0,006954918;0;0,000670354;0,001927267;0;0,000921736;0,001927267;0;0,001843472;0,002094855;0,000921736;0;0;0;0,001424501;0;0;0;0;0;0;0;0,009720127;0;0,000586559;0;0;0,002262443;0;0;0;0;0,000754148;0;0,003686945;0,004273504;0,01474778;0,0030165906;132630;67610;65020;0,379916884;0,415743002;0,341958599;Yes;High
BJ0402;Kalale;BJ04;Borgou;BJ;Benin;17;Borgu Fulfulde;0,714042776;0;0,001177317;0;0;0;0;0,0684152;0;0;0,006148211;0,136307149;0,714042776;0;0;0;0,005951992;0,000784878;0;0;0,000981098;0;0;0;0,00150435;0;0;0,034600039;0;0;0,002747073;0;0,004970894;0;0;0,001700569;0;0,001177317;0;0;0;0;0;0;0;0;0;0;0;0;0;0;0;0;0,001962195;0;0;0;0;0;0;0;0;0;0;0;0;0,005167114;0,008829878;0,003531952;174000;85210;88790;0,191162496;0,214631783;0,168582971;Yes;High
BJ0403;Ndali;BJ04;Borgou;BJ;Benin;28;Baatonum;0,53654942;0;0,002947534;0;0;0;0;0,53654942;0;0,027215563;0;0;0,258695225;0;0;0,000589507;0,006582826;0,040774219;0;0;0,005796817;0;0;0;0,01650619;0,001277265;0;0,003733543;0,001473767;0;0,009825113;0,002259776;0,00432305;0,000589507;0;0,002358027;0;0;0,007958342;0;0,00088426;0,004421301;0,004519552;0;0;0;0,009137355;0;0;0;0;0;0;0;0,007467086;0;0;0;0;0,002161525;0;0;0;0;0;0,000982511;0,0217135;0,003831794;0,013460404;0,0019650218;114870;57600;57270;0,418753573;0,477904328;0,35912744;Yes;High
BJ0404;Nikki;BJ04;Borgou;BJ;Benin;27;Borgu Fulfulde;0,447554977;0;0;0;0;0;0;0,380208333;0;0,005931713;0;0,026258681;0,447554977;0;0;0;0,038773148;0,005931713;0;0;0,002531829;0;0;0,00072338;0,004918981;0,002025463;0;0,017505787;0;0,001953125;0,010561343;0;0,000940394;0;0;0,001736111;0;0,002314815;0,001157407;0;0,001302083;0,014322917;0,002893519;0;0;0;0,001591435;0;0;0;0;0;0;0;0,006799769;0;0;0;0;0,00072338;0;0;0;0;0;0,000651042;0,002170139;0,004774306;0,01063368;0,003110534;156660;78040;78620;0,317876807;0,367474048;0,268822724;Yes;High
BJ0405;Parakou;BJ04;Borgou;BJ;Benin;42;Baatonum;0,295157238;0;0,01204193;0;0,002902192;0;0,000736377;0,295157238;0;0,014207745;0,000563112;0,003725201;0,034219873;0;0;0,004288313;0,163865546;0,02642294;0;0,001299489;0,031447631;0;0;0,001559387;0,138958676;0,022177943;0;0;0,00667071;0,000736377;0,00268561;0,011825349;0,006627393;0,000779693;0,001126224;0,00502469;0,000649744;0,000996275;0,021614831;0;0,014121112;0,004288313;0;0;0,000736377;0;0,007147189;0,000693061;0,001082907;0,000952959;0;0;0;0;0,099021052;0;0,004418262;0;0;0,004244997;0;0;0,001039591;0;0,00082301;0;0,012171879;0,014337694;0,018669323;0,0039417825;254550;126110;128440;0,736502432;0,815472105;0,660261265;Yes;High
BJ0406;Perere;BJ04;Borgou;BJ;Benin;22;Baatonum;0,510171692;0;0;0;0;0;0;0,510171692;0;0,037079786;0;0,000865676;0,339489251;0;0;0;0,055114702;0,005049776;0;0;0;0;0;0;0,000577117;0;0;0,002741307;0,000865676;0;0,010532391;0;0,000577117;0;0,000577117;0,001154235;0;0;0,000577117;0;0,000577117;0,018323474;0;0;0;0;0,001875631;0;0;0;0;0;0;0;0,001587073;0;0;0;0;0,001009955;0;0;0;0;0;0;0,001731352;0,003751262;0,003606983;0,002164189;79270;39010;40260;0,290526316;0,360201511;0,224238275;Yes;High
BJ0407;Sinende;BJ04;Borgou;BJ;Benin;17;Baatonum;0,553455992;0;0;0;0;0;0;0,553455992;0;0;0;0;0,373570363;0;0;0;0,002610641;0,007334659;0;0;0,000870214;0;0;0;0,003480855;0;0;0,010566882;0;0;0,003853804;0;0,002859274;0;0;0,004351069;0;0;0,001491795;0;0;0;0;0;0;0;0,009696668;0;0;0;0;0;0;0;0,00298359;0;0;0;0;0,00198906;0;0;0;0;0;0;0,003605172;0,00397812;0,009696669;0,003605172;91170;45040;46130;0,312573099;0,32602902;0,299451343;Yes;High
BJ0408;Tchaourou;BJ04;Borgou;BJ;Benin;32;Baatonum;0,260400616;0;0,008897062;0;0,000546747;0;0;0,260400616;0;0,077687758;0;0;0,249117749;0;0,001143198;0;0,006411849;0,067746906;0;0,002783439;0,003628411;0;0;0;0,018887619;0,002286396;0,000994085;0,00198817;0;0,000646155;0,024305383;0,000795268;0,001640241;0,000745564;0;0,003280481;0;0,000596451;0,050847458;0;0,003926637;0,030518415;0,006759779;0;0;0;0,009841443;0;0;0;0;0;0;0;0,102092549;0;0,001242606;0;0;0,005815398;0;0;0;0;0;0;0,036383518;0,008300611;0,005666285;0,004075751;225830;113290;112540;0,369925338;0,43642732;0,30353188;Yes;High
BJ0501;Bante;BJ05;Collines;BJ;Benin;27;Ifè;0,575574859;0;0,011037302;0;0,00183955;0;0;0,001021972;0;0,000919775;0;0;0,032192131;0;0;0;0;0,006336229;0;0,007869188;0,061931528;0,004905468;0;0,000919775;0,032907511;0,000817578;0;0;0,00112417;0,004701073;0,001021972;0;0,000715381;0,575574859;0;0,020848237;0;0;0,00889116;0;0,00408789;0;0;0;0;0;0;0,000613183;0;0;0;0;0;0;0,203679101;0;0,002146142;0;0;0;0;0;0;0;0;0,000715381;0,002759325;0,004292284;0,002452734;0,003679097;109000;53890;55110;0,60078143;0,700422932;0,505398111;Yes;High
BJ0502;Dassa-Zoume;BJ05;Collines;BJ;Benin;27;Ede Idaca;0,386341558;0;0,008160093;0;0;0;0,000582864;0,004565766;0;0,000874296;0;0;0,039051875;0;0;0,000874296;0,001748591;0,001845735;0;0,00145716;0,386341558;0,005245774;0;0;0,336118127;0,001651447;0;0;0,002525743;0;0;0,003011463;0,006314359;0,002622887;0,00097144;0,000582864;0;0;0;0;0,158344667;0,000582864;0,00660579;0;0;0;0;0;0;0;0;0;0;0;0,011074412;0;0,000582864;0;0,000777152;0;0;0;0;0;0;0;0;0,009034389;0,004274335;0,004177192;113630;55460;58170;0,553666078;0,639154161;0,472949764;Yes;High
BJ0503;Glazoue;BJ05;Collines;BJ;Benin;30;Ede Idaca;0,440594059;0;0,018541854;0;0;0;0;0,001080108;0;0,001530153;0;0;0,038613861;0;0;0;0,006930693;0,007740774;0;0,001440144;0,440594059;0,000720072;0;0;0,115571557;0,001620162;0,000810081;0;0,001170117;0;0;0,000810081;0,001440144;0,003240324;0,001170117;0,003780378;0,000540054;0;0,000810081;0;0,310081008;0;0,002070207;0;0;0;0;0;0,001170117;0;0;0;0;0;0,023942394;0;0,001710171;0;0,000540054;0,000810081;0;0;0;0;0;0;0,002790279;0,002970297;0,002790279;0,002970297;122170;60140;62030;0,593294165;0,684604197;0,506424195;Yes;High
BJ0504;Ouesse;BJ05;Collines;BJ;Benin;24;Maxi Gbe;0,390661298;0;0,007433793;0;0;0;0;0,006504569;0;0,050255537;0;0;0,079371225;0;0;0;0,003252284;0,020675236;0;0,106860771;0,006504569;0,000542047;0;0;0,089282949;0,000619483;0;0;0;0;0,002090754;0,001084095;0,009756853;0;0,000774353;0,001006659;0;0;0,009524547;0;0,390661298;0;0,001703578;0;0;0;0,000774353;0;0;0;0;0;0;0;0,159516803;0;0;0;0;0,005885086;0;0;0;0;0;0;0,036704352;0,00565278;0;0,0035620278;141590;70810;70780;0,480102131;0,566477071;0,395324494;Yes;High
BJ0505;Savalou;BJ05;Collines;BJ;Benin;26;Maxi Gbe;0,397271887;0,000924784;0,013486436;0;0;0;0;0,003005549;0;0,00215783;0;0;0,051171393;0;0;0;0,001541307;0,008708385;0;0;0,012253391;0;0;0,001695438;0,084771887;0,001464242;0;0;0,003930333;0,000847719;0;0,001310111;0,002234895;0,33554254;0;0,009170777;0,000770654;0,000847719;0,010249692;0;0,397271887;0;0;0;0;0;0;0;0;0;0;0;0;0;0,034217016;0;0,006396424;0;0;0;0;0;0;0;0;0;0,001464242;0,001849568;0,008477188;0,004238594;144220;70920;73300;0,528074985;0,639541234;0,422799175;Yes;High
BJ0506;Save;BJ05;Collines;BJ;Benin;32;Ede Cabe;0,337340251;0;0,014171833;0;0;0;0;0,004681766;0;0,001518411;0;0;0,070479565;0;0;0,001012274;0,002024548;0,032392762;0;0,337340251;0,119068708;0,00240415;0;0;0,259648235;0;0;0,000632671;0,001771479;0;0,001771479;0,00240415;0,007212451;0,008857396;0,000759205;0,001012274;0;0;0,006959383;0;0,035809186;0,00088574;0,001391877;0;0;0;0;0;0;0,00088574;0;0;0;0,000506137;0,047703404;0,001012274;0,002151082;0;0;0,002783753;0;0;0;0;0;0;0,019865874;0,003669493;0,003416424;0,003796025;86970;43780;43190;0,565378583;0,637911464;0,492118085;Yes;High
BJ0601;Aplahoue;BJ06;Couffo;BJ;Benin;18;Aja;0,939656286;0,000710686;0,939656286;0;0;0;0,004134901;0,000646078;0;0;0;0;0,001162941;0;0;0,000646078;0;0;0;0;0;0;0;0;0,035792738;0,001356764;0;0;0,004393332;0;0;0,000775294;0,000516863;0;0;0,000646078;0;0;0;0;0;0;0;0;0;0;0;0;0;0,001615196;0;0;0;0;0,001098333;0;0;0;0,001292157;0;0,000839902;0;0;0;0;0;0;0,000646078;0,00058147;0,0034888226;170990;79120;91870;0,492107018;0,61854153;0,387284804;Yes;High
BJ0602;Djakotome;BJ06;Couffo;BJ;Benin;6;Aja;0,988605578;0;0,988605578;0;0;0;0,001593625;0;0;0;0;0;0;0;0;0;0;0;0;0;0;0;0;0;0,004143426;0;0;0;0,001832669;0;0;0;0;0;0;0;0;0;0;0;0;0;0;0;0;0;0;0;0;0,000796813;0;0;0;0;0;0;0;0;0;0;0,001513944;0;0;0;0;0;0;0;0;0,0015139458;136900;63660;73240;0,528546634;0,668892937;0,413086913;Yes;High
BJ0603;Dogbo;BJ06;Couffo;BJ;Benin;16;Aja;0,937801609;0;0,937801609;0;0;0;0,000643432;0;0;0;0;0;0,004075067;0;0;0;0;0;0;0;0;0;0;0;0,008793566;0,000643432;0;0;0,005147453;0,001179625;0;0,001179625;0,001823056;0;0;0;0,008150134;0;0;0;0,000643432;0;0;0;0;0;0;0;0;0,024128686;0;0;0;0;0;0;0;0;0;0;0,000857909;0,000536193;0;0;0;0;0;0,001179625;0,001179625;0,002037533;102110;49010;53100;0,636484205;0,774529741;0,511926606;Yes;High
BJ0604;Klouekanme;BJ06;Couffo;BJ;Benin;15;Aja;0,83650712;0;0,83650712;0;0;0;0,002744896;0;0;0;0;0;0,00171556;0;0;0;0;0;0;0;0;0;0;0;0,141104821;0,000943558;0;0;0,002916452;0;0;0,002659118;0,000943558;0;0;0;0,001200892;0;0;0;0,001200892;0;0;0;0;0;0;0;0;0,000943558;0;0;0;0;0;0;0;0,001887116;0;0;0,000686224;0;0;0;0,00085778;0;0;0,001115114;0;0,00257334;128770;59130;69640;0,492261905;0,630352785;0,380584963;Yes;High
BJ0605;Lalo;BJ06;Couffo;BJ;Benin;9;Aja;0,666636666;0;0,666636666;0;0;0;0,000900009;0;0;0;0;0;0;0;0;0;0;0;0;0;0;0;0;0;0,29196292;0;0;0;0,000630006;0;0;0,001080011;0;0;0;0;0,017460175;0;0;0;0;0;0;0;0;0;0;0;0;0,001890019;0;0;0;0;0;0;0;0;0;0;0,016740167;0;0;0;0;0;0;0,001530015;0;0,0011700123;121410;56580;64830;0,445691716;0,57534557;0,335829493;Yes;High
BJ0606;Toviklin;BJ06;Couffo;BJ;Benin;4;Aja;0,990375;0;0,990375;0;0;0;0;0;0;0;0;0;0;0;0;0;0;0;0;0;0;0;0;0;0,003875;0;0;0;0,001625;0;0;0;0;0;0;0;0;0;0;0;0,0005;0;0;0;0;0;0;0;0;0,001375;0;0;0;0;0;0;0;0;0;0;0;0;0;0;0;0;0;0;0;0,00225;87350;40490;46860;0,519131925;0,650798622;0,408816584;Yes;High
BJ0701;Bassila;BJ07;Donga;BJ;Benin;27;Borgu Fulfulde;0,231168382;0;0,008129378;0;0,179884113;0;0;0,005275448;0;0,003718758;0;0;0,231168382;0;0;0,005621379;0,004151172;0,02992303;0;0;0,001297241;0;0;0,000605379;0,005794344;0,003805241;0;0;0,001124276;0,007264551;0,002680965;0;0,002335034;0;0;0,027328548;0;0,002508;0,096428263;0;0;0,001729655;0;0;0;0;0;0;0,032085099;0;0;0;0;0;0,217850039;0;0,103087434;0;0;0;0,000864827;0;0;0;0;0;0,020496411;0,001210758;0,00095131;0,0026809624;131590;65130;66460;0,445153802;0,527744982;0,365296804;Yes;High
BJ0702;Djougou;BJ07;Donga;BJ;Benin;31;Yom;0,33546798;0;0,001642036;0;0,002011494;0;0;0,024384236;0;0;0;0;0,129926108;0;0;0,001765189;0,229310345;0,058949097;0;0;0,001313629;0;0;0,000944171;0,010180624;0,00270936;0;0;0,001108374;0,001067323;0,001026273;0,001108374;0,001067323;0;0;0,004310345;0;0,001026273;0,154187192;0;0,000656814;0;0,002463054;0;0;0;0,001190476;0;0,003571429;0;0;0;0;0;0,005295567;0,004351396;0,007101806;0;0;0,001395731;0;0;0;0;0;0,000697865;0,33546798;0,003448276;0,003119868;0,0032019711;270360;133820;136540;0,416869842;0,492130115;0,344121715;Yes;High
BJ0703;Contonou;BJ07;Littoral;BJ;Benin;43;Fon;0,428465923;0;0,022252549;0;0,00386931;0,001348639;0,012073533;0,005041342;0,000577988;0,000594044;0;0;0,00386931;0;0;0,00067432;0,018030023;0;0,000594044;0;0,004559685;0;0,007417516;0,001525247;0,428465923;0,056273581;0;0;0,068523722;0,001942683;0;0,154194429;0,011736374;0,000594044;0,007610179;0,005715662;0,003933531;0,002889941;0,001830296;0,000594044;0,006887694;0;0;0;0;0;0;0;0;0,005763828;0,000834872;0,00067432;0;0,000626154;0,025046159;0;0,004945011;0,013534559;0,002617002;0;0,002167456;0,002905997;0,031789355;0;0,007786787;0;0,001268363;0,045323914;0,013823553;0,0072730191;683970;328190;355780;0,793909311;0,874799776;0,720956796;Yes;High
BJ0704;Ouake;BJ07;Donga;BJ;Benin;21;Lekpa;0,544667742;0;0,001613613;0;0;0;0;0,00073346;0;0,001613613;0;0;0,133049728;0;0;0,214903917;0;0;0;0;0,002347073;0;0;0;0,006601144;0,002347073;0;0;0,001026845;0,000880153;0;0,000880153;0;0;0;0,066598211;0;0;0,544667742;0;0,001026845;0;0,001613613;0;0;0;0;0;0,006894528;0;0;0;0;0;0;0;0,004107379;0;0;0,003080534;0;0;0;0;0;0;0,001760305;0,001026845;0,00073346;0,002493764;74440;37120;37320;0,51878708;0,593277311;0,4471387;Yes;High
BJ0800;Copargo;BJ08;Donga;BJ;Benin;20;Yom;0,651659496;0;0,001382913;0;0;0;0;0,002304856;0;0;0;0;0,079440688;0;0;0;0,041026429;0,011831592;0;0;0;0;0;0;0,001075599;0,003687769;0;0;0;0,021511985;0;0;0,010448679;0;0,000614628;0,006607253;0;0;0,071143208;0;0;0;0,085433313;0;0;0;0,000768285;0;0;0;0;0;0;0;0,000614628;0,004917025;0;0;0,000614628;0,001075599;0;0;0;0;0;0;0,651659496;0;0,000614628;0,003226797;71400;35220;36180;0,255619446;0,314834578;0,198770492;Yes;High
BJ0901;Athieme;BJ09;Mono;BJ;Benin;12;Kotafon Gbe;0,572966737;0;0,213612767;0;0;0;0;0;0;0;0;0;0;0;0;0;0,000576812;0;0;0;0;0;0;0,000576812;0,020188425;0,000576812;0;0;0,042684099;0,000769083;0;0,00269179;0;0;0;0;0,572966737;0;0;0;0;0;0;0;0;0;0;0;0;0,031147856;0;0;0;0;0;0;0;0;0;0;0,111901557;0,000769083;0;0;0;0;0;0;0;0,001538167;56980;27580;29400;0,669954965;0,789261745;0,560131796;Yes;High
BJ0902;Bopa;BJ09;Mono;BJ;Benin;13;Saxwe Gbe;0,852487891;0;0,005063849;0;0;0;0,056913254;0;0;0;0,000660502;0;0;0;0;0;0;0;0;0;0;0;0;0,000550418;0,008696609;0;0;0;0,009136944;0;0;0,003082343;0;0;0;0;0,042051959;0;0;0;0;0;0;0;0;0;0;0;0;0,852487891;0;0;0;0;0,000880669;0;0;0;0;0;0,001871422;0;0,001321004;0;0,015301629;0;0;0;0;0,001981508;98900;48530;50370;0,503185509;0,619181586;0,392429792;Yes;High
BJ0903;Come;BJ09;Mono;BJ;Benin;20;Waci Gbe;0,301416508;0;0,031735222;0;0;0;0,000817216;0,000953419;0;0;0;0;0,001089621;0;0;0;0;0;0;0;0;0;0;0,000544811;0,051348406;0,004358485;0;0;0,102424408;0,000681013;0;0,01988559;0,00204304;0;0,000817216;0;0,023835467;0;0;0;0,001089621;0;0;0;0;0;0;0;0;0,164941433;0;0;0;0;0,001770635;0;0;0;0;0;0,301416508;0;0,009397984;0;0,277444838;0;0;0;0,001634432;0,001770636;80660;38480;42180;0,698561696;0,834882975;0,576592083;Yes;High
BJ0904;Grand-Popo;BJ09;Mono;BJ;Benin;26;Gen;0,315071055;0;0,014584892;0,002243829;0;0;0,01065819;0,001308901;0;0;0;0;0,01551982;0;0;0;0,002243829;0;0;0;0;0;0;0,014584891;0,021129394;0,008975318;0;0;0,315071055;0,000934929;0;0,005235602;0,00579656;0;0;0,002804787;0,133694839;0;0;0;0,000934929;0;0;0;0;0,001121915;0;0;0;0,015332835;0;0;0;0;0,002617801;0;0;0,000560957;0;0;0,178197457;0,001682872;0,209424084;0;0,028234854;0;0;0,000560957;0,005235602;0,001308902;58910;29560;29350;0,658328122;0,786042624;0,531198003;Yes;High
BJ0905;Houeyogbe;BJ09;Mono;BJ;Benin;14;Saxwe Gbe;0,915843162;0;0,016788864;0;0;0;0;0;0;0;0,001062586;0;0,00074381;0;0;0;0,000531293;0;0;0;0;0;0;0;0,012007226;0,000637552;0;0;0,012113484;0;0;0,000531293;0,00074381;0;0;0;0,030496228;0;0;0;0;0;0;0;0;0;0;0;0;0,915843162;0;0;0;0;0;0;0;0;0;0;0,002550207;0;0;0;0,00233769;0;0;0;0,000637552;0,002975245;102780;49780;53000;0,616569178;0,728239367;0,512347104;Yes;High
BJ0906;Lokossa;BJ09;Mono;BJ;Benin;26;Kotafon Gbe;0,546999899;0;0,203480724;0;0;0;0,002428412;0;0;0;0;0;0,000910655;0;0;0;0,00131539;0,000809471;0;0;0,001416574;0;0;0,000505919;0,087321663;0,004958009;0;0;0,064757665;0;0;0,011737327;0,002731964;0,000505919;0;0;0,546999899;0;0;0;0,000607103;0;0;0;0;0;0;0;0;0,04755641;0;0;0;0;0,001011839;0;0,000809471;0,002023677;0,001113022;0;0,002428412;0,000708287;0,002226045;0;0,005969847;0;0;0,00263078;0,000809471;0,002226048;108390;52600;55790;0,692490656;0,809568261;0,582086268;Yes;High
BJ1001;Adjarra;BJ10;Oueme;BJ;Benin;14;Gun;0,539993173;0;0,004778701;0;0;0;0,0031858;0;0;0;0;0;0;0;0;0;0;0;0;0;0;0;0;0;0,040050063;0,005688929;0;0;0,006257822;0;0;0,539993173;0;0;0;0;0;0;0;0;0,001024007;0;0;0;0;0;0;0;0;0;0;0,068267152;0;0;0,013425873;0;0;0,001365343;0,225167823;0;0;0,006371601;0;0;0,000568893;0;0;0,079076118;0;0,004778704;97650;47490;50160;0,644805943;0,761121596;0,539531479;Yes;High
BJ1002;Abjohoun;BJ10;Oueme;BJ;Benin;14;Weme Gbe;0,947534857;0;0,000718701;0;0;0;0,00057496;0;0;0;0;0;0;0;0;0;0;0;0;0;0;0;0;0;0,013511571;0,003449763;0;0;0,001437401;0;0;0,021704758;0,00057496;0;0;0;0;0;0;0;0,00057496;0;0;0;0;0;0;0;0;0;0;0;0;0;0,002587322;0;0;0,000862441;0,000862441;0;0;0,947534857;0,001006181;0;0;0;0;0,002731062;0;0,00186862;76870;36700;40170;0,533398661;0,653779772;0,425294482;Yes;High
BJ1003;Aguegues;BJ10;Oueme;BJ;Benin;6;Gun;0,820947631;0;0;0;0;0;0,000997506;0;0;0;0;0;0;0;0;0;0;0;0;0;0;0;0;0;0,005735661;0;0;0;0,00074813;0;0;0,820947631;0;0;0;0;0;0;0;0;0;0;0;0;0;0;0;0;0;0;0;0;0;0;0,001246883;0;0;0;0;0;0;0,16882793;0;0;0;0;0;0;0;0,00149626;44160;21790;22370;0,424199085;0,52403011;0,32673827;Yes;High
BJ1004;Akpro-Misserete;BJ10;Oueme;BJ;Benin;18;Toli Gbe;0,455248023;0;0,002336449;0;0;0;0,003504673;0;0;0;0;0;0;0;0;0;0,00053918;0;0;0,000988497;0;0;0,00053918;0;0,03612509;0,0036844;0;0;0,006290439;0;0;0,425413372;0;0;0;0;0,000718907;0;0;0;0,002606039;0;0;0;0;0;0;0;0;0,00053918;0;0,002875629;0;0;0,00817757;0;0;0;0,455248023;0;0;0,035046729;0,001258088;0;0;0;0;0,009974838;0;0,0041337184;125360;61100;64260;0,582552271;0,6958012;0,477682999;Yes;High
BJ1005;Avrankou;BJ10;Oueme;BJ;Benin;13;Toli Gbe;0,550400418;0;0,001915042;0;0;0;0,001479805;0;0;0;0;0;0;0;0;0;0;0;0;0;0;0;0;0;0,018628134;0,001218663;0;0;0,003394847;0;0;0,377263231;0;0;0;0;0;0;0;0;0,001479805;0;0;0;0;0;0;0;0;0;0;0,002263231;0;0;0,006354457;0;0;0;0,550400418;0;0;0,009227019;0,000522284;0;0;0;0;0,022632312;0;0,0032207532;128860;61980;66880;0,554777635;0,681355228;0,440525328;Yes;High
BJ1006;Bonou;BJ10;Oueme;BJ;Benin;15;Weme Gbe;0,899068714;0;0,001761893;0;0;0;0;0;0;0;0;0;0;0;0;0;0,001510194;0;0;0;0;0,020135917;0;0;0,037754845;0,002768689;0;0;0,000503398;0;0;0,019380821;0;0;0;0;0;0;0;0;0,001761893;0;0;0;0;0;0;0;0;0;0;0,000503398;0;0;0,007047571;0;0;0,000503398;0,000755097;0;0;0,899068714;0,000503398;0;0;0;0;0,004530581;0;0,001510194;44050;21630;22420;0,554432573;0,6875;0,43135075;Yes;High
BJ1007;Dangbo;BJ10;Oueme;BJ;Benin;9;Weme Gbe;0,763179238;0;0,000926891;0;0;0;0,023172286;0;0;0;0;0;0;0;0;0;0;0;0;0;0;0;0;0;0,01459854;0;0;0;0,00081103;0;0;0,115513845;0;0;0;0;0;0;0;0;0,001042753;0;0;0;0;0;0;0;0;0;0;0,070907195;0;0;0;0;0;0;0,006256517;0;0;0,763179238;0;0;0;0;0;0;0;0,0035917;95620;47230;48390;0,465567282;0,57030615;0,366160967;Yes;High
BJ1008;Port-Novo;BJ10;Oueme;BJ;Benin;30;Gun;0,508420966;0;0,008585278;0;0,000698324;0;0,001766349;0,003861321;0;0;0;0;0;0;0;0,000698324;0,002218206;0;0;0,000657246;0,002094972;0;0,001807427;0;0,085565232;0,031547815;0;0;0,014459415;0;0;0,508420966;0,000616168;0;0,001150181;0,001437726;0,001026947;0,001232337;0,000616168;0;0,0042721;0;0;0;0;0;0;0;0;0,000698324;0;0,016513309;0;0;0,018279658;0;0;0,002177128;0,041899441;0;0;0,0217302;0,001068025;0;0,001478804;0;0;0,214467631;0,001848505;0,0071064749;268030;128390;139640;0,773660491;0,862750772;0,694025347;Yes;High
BJ1009;Seme-Kpodji;BJ10;Oueme;BJ;Benin;36;Gun;0,385519864;0;0,011708196;0;0,001551086;0;0,003602522;0,001050736;0;0;0;0;0,003102171;0;0;0,04082858;0,008355849;0;0;0;0,001751226;0;0,006504553;0,003202242;0,110627439;0,019163414;0;0;0,017962574;0,001150806;0,000550385;0,385519864;0,007705394;0;0,001601121;0,003452416;0,00090063;0,003652557;0,001300911;0;0,001551086;0;0;0;0;0;0;0;0;0,002551786;0,00090063;0,00060042;0,00050035;0;0,033623536;0;0,003952767;0,006854798;0,030321225;0;0;0,02987091;0,195486841;0;0,001100771;0;0;0,044681277;0,008405884;0,004353045;222770;110300;112470;0,723189631;0,823360515;0,62668732;Yes;High
BJ1101;Adja-Ouere;BJ11;Plateau;BJ;Benin;13;Southern Nago;0,368605532;0;0,009094354;0;0;0;0;0;0;0;0;0;0;0;0;0;0;0;0;0;0;0,348901099;0;0;0,126468359;0;0;0;0,001042061;0;0;0,079575597;0;0;0;0;0,001610459;0;0;0;0,019136036;0;0;0;0;0;0;0;0;0,001042061;0;0,000568397;0;0;0,368605532;0;0;0;0,003505116;0;0;0,027377795;0;0;0;0;0;0,009378552;0;0,0036945844;117310;56590;60720;0,400691219;0,491023339;0,31688528;Yes;High
BJ1102;Ifangni;BJ11;Plateau;BJ;Benin;24;Gun;0,351149657;0;0,005042356;0;0;0;0;0;0;0;0;0;0,000504236;0;0;0;0,002622025;0;0;0;0;0;0,000504236;0;0,014824526;0,001008471;0;0;0,003731343;0,00070593;0;0,351149657;0,000504236;0;0,001008471;0,00070593;0;0,000605083;0;0;0,001109318;0;0;0;0;0;0;0;0;0,000605083;0,001210165;0,001815248;0;0;0,277934651;0;0,000504236;0;0,317567568;0;0;0,003126261;0;0;0,000806777;0;0;0,009479629;0,000504236;0,002420328;110580;52620;57960;0,550890005;0,68054541;0,436547133;Yes;High
BJ1103;Ketou;BJ11;Plateau;BJ;Benin;16;Southern Nago;0,548925516;0;0,002781835;0;0;0;0;0,000765005;0;0;0;0;0,008832325;0;0;0;0;0;0;0;0,002086376;0,212253982;0;0;0,138813548;0,001460463;0;0;0,001599555;0;0;0,002434105;0;0;0;0,000625913;0;0;0;0;0,044926629;0;0;0;0;0;0;0;0;0,001112734;0;0;0;0;0,548925516;0;0;0;0,004242298;0,001947284;0;0;0;0;0;0;0;0,023784686;0;0,0034077484;159540;78140;81400;0,420565186;0,510513447;0,335641736;Yes;High
BJ1104;Pobe;BJ11;Plateau;BJ;Benin;17;Southern Nago;0,616810655;0;0,005849532;0;0,001709863;0;0;0,00062995;0;0;0;0;0;0;0;0;0,000989921;0;0;0;0,000809935;0,252699784;0;0;0,067764579;0,00224982;0;0;0,002429806;0;0;0,017368611;0;0;0;0;0;0;0;0;0,003599712;0;0;0;0;0;0;0;0;0;0;0;0;0;0,616810655;0;0;0;0,005579554;0;0;0,001169906;0;0;0,000899928;0;0;0,014578834;0,00062995;0,0042296628;122180;59100;63080;0,43774359;0,525;0,35851272;Yes;High
BJ1105;Sakete;BJ11;Plateau;BJ;Benin;13;Southern Nago;0,712441206;0;0,005349073;0;0;0;0,001014479;0;0;0;0;0;0;0;0;0;0;0;0;0;0;0,009868118;0;0;0,014202711;0;0;0;0,001752283;0;0;0,171262566;0;0;0;0;0;0;0;0;0,000737803;0;0;0;0;0;0;0;0;0;0;0,000553352;0;0;0,712441206;0;0;0;0,066494513;0;0;0,004426819;0,000830029;0;0;0;0;0,007746934;0;0,0033201152;118100;55910;62190;0,519169493;0,627554384;0,423908845;Yes;High
BJ1201;Abomey;BJ12;Zou;BJ;Benin;21;Fon;0,92418941;0;0,024609284;0;0,00069979;0;0,000583158;0,00139958;0;0;0;0;0,006764637;0;0;0;0,002565897;0,001166317;0;0;0,001982739;0;0;0;0,92418941;0,000816422;0;0;0,007464427;0;0;0,005015162;0,003732214;0;0;0;0,00139958;0;0;0;0,00489853;0;0;0;0;0;0;0;0;0,001866107;0;0;0;0;0,00279916;0;0;0;0,000583158;0;0;0,001282948;0;0;0,000933053;0;0;0,000933053;0;0,004315373;93820;45100;48720;0,69281383;0,791576087;0,603537214;Yes;High
BJ1202;Agbangnizoun;BJ12;Zou;BJ;Benin;8;Fon;0,971091079;0;0,013055642;0;0;0;0,001398819;0,000932546;0;0;0;0;0,002486789;0;0;0;0;0;0;0;0;0;0;0;0,971091079;0;0;0;0,000932546;0;0;0,005750699;0;0;0;0;0;0;0;0;0;0;0;0;0;0;0;0;0;0;0;0;0;0;0;0;0;0;0;0;0;0;0;0;0,000621697;0;0;0;0;0,003730183;70950;34090;36860;0,527850993;0,640117994;0,42564619;Yes;High
BJ1203;Bohicon;BJ12;Zou;BJ;Benin;24;Fon;0,883946211;0;0,021222357;0;0,000637308;0;0,000573577;0,00235804;0;0;0;0;0,010069467;0;0;0;0,002740424;0;0;0,001657001;0,004652348;0;0;0;0,883946211;0,001210885;0;0;0,006500542;0;0;0,006819196;0,008221273;0;0,000637308;0;0,004397425;0;0;0;0,015677777;0;0;0;0;0;0;0;0,000637308;0,000509846;0;0;0;0;0,006309349;0;0,001083424;0;0;0;0,0008285;0;0,000955962;0;0;0;0;0,007074119;0,005926964;0,0053533872;173030;81630;91400;0,666096501;0,772685328;0,574047018;Yes;High
BJ1204;Cove;BJ12;Zou;BJ;Benin;11;Fon;0,747970864;0;0,004578564;0;0;0;0;0;0;0;0;0;0;0;0;0;0,001040583;0;0;0;0;0,001040583;0,000832466;0;0,747970864;0;0;0;0,002913632;0;0;0,002081165;0,001040583;0;0;0,00062435;0;0;0;0;0,2289282;0;0;0;0;0;0;0;0;0;0;0;0;0;0;0;0;0;0;0;0;0;0;0;0;0;0;0,005202914;0;0,003746101;52730;25500;27230;0,603997211;0,718944844;0,49594229;Yes;High
BJ1205;Djidja;BJ12;Zou;BJ;Benin;18;Fon;0,837401229;0,079894644;0,02572432;0;0;0;0,000702371;0,000526778;0;0;0;0;0,023617208;0;0;0;0,004916594;0;0;0;0;0;0;0;0,837401229;0;0;0;0,002107112;0;0;0,002633889;0,003599649;0,000526778;0,000702371;0,001755926;0,000790167;0;0;0;0;0;0;0;0;0;0;0;0;0;0;0;0;0;0;0;0;0;0;0;0,000526778;0,005355575;0;0;0;0;0;0,004126427;0,00263389;0,0024582985;124950;61070;63880;0,410248636;0,49349013;0,333008574;Yes;High
BJ1206;Ouinhi;BJ12;Zou;BJ;Benin;12;Fon;0,576027646;0;0,000545653;0;0,000909422;0;0;0;0;0;0;0;0;0;0;0;0,000545653;0;0;0;0;0,066569662;0;0;0,576027646;0;0;0;0;0;0;0,002546381;0;0;0;0;0;0;0;0;0,267733721;0;0;0;0;0;0;0;0;0,001636959;0;0;0;0;0,065296471;0;0;0,007093489;0,000727537;0;0;0;0;0;0;0;0;0,008548563;0;0,001818841;60670;29380;31290;0,439950218;0,554976097;0,334920635;Yes;High
BJ1207;Za-Kpota;BJ12;Zou;BJ;Benin;5;Fon;0,992085971;0;0;0;0;0;0;0;0;0;0;0;0;0;0;0;0,000999667;0;0;0;0;0;0;0;0,992085971;0;0;0;0;0;0;0,001332889;0;0;0;0;0;0;0;0;0;0;0;0;0;0;0;0;0;0;0;0,001249583;0;0;0;0;0;0;0;0;0;0;0;0;0;0;0;0;0,000583139;0,0037487492;133170;62580;70590;0,425961355;0,536021844;0,333918848;Yes;High
BJ1208;Zagnanado;BJ12;Zou;BJ;Benin;10;Fon;0,791279774;0;0,010496568;0;0;0;0;0;0;0;0;0;0,003633428;0;0;0;0,001614857;0;0;0;0;0,05329027;0;0;0,791279774;0;0;0;0;0;0;0,002220428;0;0;0;0;0;0;0;0;0,103956399;0;0;0;0;0;0;0;0;0;0;0;0;0;0,004440856;0;0;0;0,002018571;0;0;0;0;0;0;0;0;0,02563585;0;0,001412999;54450;26650;27800;0,523733455;0,639344262;0,41388518;Yes;High
BJ1209;Zogbodomey;BJ12;Zou;BJ;Benin;22;Fon;0,916627247;0,002128666;0,013954588;0;0;0;0,001064333;0,003902554;0;0,000827815;0;0;0,002956481;0;0;0;0,000709555;0,000591296;0;0;0,001182592;0,039971618;0;0;0,916627247;0;0;0;0,001300851;0;0,001064333;0,001773888;0;0;0;0;0,000709555;0;0,000591296;0;0,002246925;0;0;0;0;0;0,000827815;0;0;0;0;0;0;0;0,002128666;0;0;0;0;0;0;0;0,000591296;0;0,000827815;0;0;0,00153737;0;0,002483442;93340;45050;48290;0,480764057;0,591577162;0,38013347;Yes;High
